PassengerId,Survived,Age,SibSp,Parch,Fare,Title,2,3,male,Q,S
1,0,22.0,1,0,7.25,Mr,0,1,1,0,1
2,1,38.0,1,0,71.2833,Mrs,0,0,0,0,0
3,1,26.0,0,0,7.925,Miss,0,1,0,0,1
4,1,35.0,1,0,53.1,Mrs,0,0,0,0,1
5,0,35.0,0,0,8.05,Mr,0,1,1,0,1
6,0,25.14061,0,0,8.4583,Mr,0,1,1,1,0
7,0,54.0,0,0,51.8625,Mr,0,0,1,0,1
8,0,2.0,3,1,21.075,Master,0,1,1,0,1
9,1,27.0,0,2,11.1333,Mrs,0,1,0,0,1
10,1,14.0,1,0,30.0708,Mrs,1,0,0,0,0
11,1,4.0,1,1,16.7,Miss,0,1,0,0,1
12,1,58.0,0,0,26.55,Miss,0,0,0,0,1
13,0,20.0,0,0,8.05,Mr,0,1,1,0,1
14,0,39.0,1,5,31.275,Mr,0,1,1,0,1
15,0,14.0,0,0,7.8542,Miss,0,1,0,0,1
16,1,55.0,0,0,16.0,Mrs,1,0,0,0,1
17,0,2.0,4,1,29.125,Master,0,1,1,1,0
18,1,29.8776,0,0,13.0,Mr,1,0,1,0,1
19,0,31.0,1,0,18.0,Mrs,0,1,0,0,1
20,1,25.14061,0,0,7.225,Mrs,0,1,0,0,0
21,0,35.0,0,0,26.0,Mr,1,0,1,0,1
22,1,34.0,0,0,13.0,Mr,1,0,1,0,1
23,1,15.0,0,0,8.0292,Miss,0,1,0,1,0
24,1,28.0,0,0,35.5,Mr,0,0,1,0,1
25,0,8.0,3,1,21.075,Miss,0,1,0,0,1
26,1,38.0,1,5,31.3875,Mrs,0,1,0,0,1
27,0,25.14061,0,0,7.225,Mr,0,1,1,0,0
28,0,19.0,3,2,263.0,Mr,0,0,1,0,1
29,1,25.14061,0,0,7.8792,Miss,0,1,0,1,0
30,0,25.14061,0,0,7.8958,Mr,0,1,1,0,1
31,0,40.0,0,0,27.7208,Sir,0,0,1,0,0
32,1,38.12347,1,0,146.5208,Mrs,0,0,0,0,0
33,1,25.14061,0,0,7.75,Miss,0,1,0,1,0
34,0,66.0,0,0,10.5,Mr,1,0,1,0,1
35,0,28.0,1,0,82.1708,Mr,0,0,1,0,0
36,0,42.0,1,0,52.0,Mr,0,0,1,0,1
37,1,25.14061,0,0,7.2292,Mr,0,1,1,0,0
38,0,21.0,0,0,8.05,Mr,0,1,1,0,1
39,0,18.0,2,0,18.0,Miss,0,1,0,0,1
40,1,14.0,1,0,11.2417,Miss,0,1,0,0,0
41,0,40.0,1,0,9.475,Mrs,0,1,0,0,1
42,0,27.0,1,0,21.0,Mrs,1,0,0,0,1
43,0,25.14061,0,0,7.8958,Mr,0,1,1,0,0
44,1,3.0,1,2,41.5792,Miss,1,0,0,0,0
45,1,19.0,0,0,7.8792,Miss,0,1,0,1,0
46,0,25.14061,0,0,8.05,Mr,0,1,1,0,1
47,0,25.14061,1,0,15.5,Mr,0,1,1,1,0
48,1,25.14061,0,0,7.75,Miss,0,1,0,1,0
49,0,25.14061,2,0,21.6792,Mr,0,1,1,0,0
50,0,18.0,1,0,17.8,Mrs,0,1,0,0,1
51,0,7.0,4,1,39.6875,Master,0,1,1,0,1
52,0,21.0,0,0,7.8,Mr,0,1,1,0,1
53,1,49.0,1,0,76.7292,Mrs,0,0,0,0,0
54,1,29.0,1,0,26.0,Mrs,1,0,0,0,1
55,0,65.0,0,1,61.9792,Mr,0,0,1,0,0
56,1,38.12347,0,0,35.5,Mr,0,0,1,0,1
57,1,21.0,0,0,10.5,Miss,1,0,0,0,1
58,0,28.5,0,0,7.2292,Mr,0,1,1,0,0
59,1,5.0,1,2,27.75,Miss,1,0,0,0,1
60,0,11.0,5,2,46.9,Master,0,1,1,0,1
61,0,22.0,0,0,7.2292,Mr,0,1,1,0,0
63,0,45.0,1,0,83.475,Mr,0,0,1,0,1
64,0,4.0,3,2,27.9,Master,0,1,1,0,1
65,0,38.12347,0,0,27.7208,Mr,0,0,1,0,0
66,1,25.14061,1,1,15.2458,Master,0,1,1,0,0
67,1,29.0,0,0,10.5,Mrs,1,0,0,0,1
68,0,19.0,0,0,8.1583,Mr,0,1,1,0,1
69,1,17.0,4,2,7.925,Miss,0,1,0,0,1
70,0,26.0,2,0,8.6625,Mr,0,1,1,0,1
71,0,32.0,0,0,10.5,Mr,1,0,1,0,1
72,0,16.0,5,2,46.9,Miss,0,1,0,0,1
73,0,21.0,0,0,73.5,Mr,1,0,1,0,1
74,0,26.0,1,0,14.4542,Mr,0,1,1,0,0
75,1,32.0,0,0,56.4958,Mr,0,1,1,0,1
76,0,25.0,0,0,7.65,Mr,0,1,1,0,1
77,0,25.14061,0,0,7.8958,Mr,0,1,1,0,1
78,0,25.14061,0,0,8.05,Mr,0,1,1,0,1
79,1,0.83,0,2,29.0,Master,1,0,1,0,1
80,1,30.0,0,0,12.475,Miss,0,1,0,0,1
81,0,22.0,0,0,9.0,Mr,0,1,1,0,1
82,1,29.0,0,0,9.5,Mr,0,1,1,0,1
83,1,25.14061,0,0,7.7875,Miss,0,1,0,1,0
84,0,28.0,0,0,47.1,Mr,0,0,1,0,1
85,1,17.0,0,0,10.5,Miss,1,0,0,0,1
86,1,33.0,3,0,15.85,Mrs,0,1,0,0,1
87,0,16.0,1,3,34.375,Mr,0,1,1,0,1
88,0,25.14061,0,0,8.05,Mr,0,1,1,0,1
89,1,23.0,3,2,263.0,Miss,0,0,0,0,1
90,0,24.0,0,0,8.05,Mr,0,1,1,0,1
91,0,29.0,0,0,8.05,Mr,0,1,1,0,1
92,0,20.0,0,0,7.8542,Mr,0,1,1,0,1
93,0,46.0,1,0,61.175,Mr,0,0,1,0,1
94,0,26.0,1,2,20.575,Mr,0,1,1,0,1
95,0,59.0,0,0,7.25,Mr,0,1,1,0,1
96,0,25.14061,0,0,8.05,Mr,0,1,1,0,1
97,0,71.0,0,0,34.6542,Mr,0,0,1,0,0
98,1,23.0,0,1,63.3583,Mr,0,0,1,0,0
99,1,34.0,0,1,23.0,Mrs,1,0,0,0,1
100,0,34.0,1,0,26.0,Mr,1,0,1,0,1
101,0,28.0,0,0,7.8958,Miss,0,1,0,0,1
102,0,25.14061,0,0,7.8958,Mr,0,1,1,0,1
103,0,21.0,0,1,77.2875,Mr,0,0,1,0,1
104,0,33.0,0,0,8.6542,Mr,0,1,1,0,1
105,0,37.0,2,0,7.925,Mr,0,1,1,0,1
106,0,28.0,0,0,7.8958,Mr,0,1,1,0,1
107,1,21.0,0,0,7.65,Miss,0,1,0,0,1
108,1,25.14061,0,0,7.775,Mr,0,1,1,0,1
109,0,38.0,0,0,7.8958,Mr,0,1,1,0,1
110,1,25.14061,1,0,24.15,Miss,0,1,0,1,0
111,0,47.0,0,0,52.0,Mr,0,0,1,0,1
112,0,14.5,1,0,14.4542,Miss,0,1,0,0,0
113,0,22.0,0,0,8.05,Mr,0,1,1,0,1
114,0,20.0,1,0,9.825,Miss,0,1,0,0,1
115,0,17.0,0,0,14.4583,Miss,0,1,0,0,0
116,0,21.0,0,0,7.925,Mr,0,1,1,0,1
117,0,70.5,0,0,7.75,Mr,0,1,1,1,0
118,0,29.0,1,0,21.0,Mr,1,0,1,0,1
119,0,24.0,0,1,247.5208,Mr,0,0,1,0,0
120,0,2.0,4,2,31.275,Miss,0,1,0,0,1
121,0,21.0,2,0,73.5,Mr,1,0,1,0,1
122,0,25.14061,0,0,8.05,Mr,0,1,1,0,1
123,0,32.5,1,0,30.0708,Mr,1,0,1,0,0
124,1,32.5,0,0,13.0,Miss,1,0,0,0,1
125,0,54.0,0,1,77.2875,Mr,0,0,1,0,1
126,1,12.0,1,0,11.2417,Master,0,1,1,0,0
127,0,25.14061,0,0,7.75,Mr,0,1,1,1,0
128,1,24.0,0,0,7.1417,Mr,0,1,1,0,1
129,1,25.14061,1,1,22.3583,Miss,0,1,0,0,0
130,0,45.0,0,0,6.975,Mr,0,1,1,0,1
131,0,33.0,0,0,7.8958,Mr,0,1,1,0,0
132,0,20.0,0,0,7.05,Mr,0,1,1,0,1
133,0,47.0,1,0,14.5,Mrs,0,1,0,0,1
134,1,29.0,1,0,26.0,Mrs,1,0,0,0,1
135,0,25.0,0,0,13.0,Mr,1,0,1,0,1
136,0,23.0,0,0,15.0458,Mr,1,0,1,0,0
137,1,19.0,0,2,26.2833,Miss,0,0,0,0,1
138,0,37.0,1,0,53.1,Mr,0,0,1,0,1
139,0,16.0,0,0,9.2167,Mr,0,1,1,0,1
140,0,24.0,0,0,79.2,Mr,0,0,1,0,0
141,0,25.14061,0,2,15.2458,Mrs,0,1,0,0,0
142,1,22.0,0,0,7.75,Miss,0,1,0,0,1
143,1,24.0,1,0,15.85,Mrs,0,1,0,0,1
144,0,19.0,0,0,6.75,Mr,0,1,1,1,0
145,0,18.0,0,0,11.5,Mr,1,0,1,0,1
146,0,19.0,1,1,36.75,Mr,1,0,1,0,1
147,1,27.0,0,0,7.7958,Mr,0,1,1,0,1
148,0,9.0,2,2,34.375,Miss,0,1,0,0,1
149,0,36.5,0,2,26.0,Mr,1,0,1,0,1
150,0,42.0,0,0,13.0,Rev,1,0,1,0,1
151,0,51.0,0,0,12.525,Rev,1,0,1,0,1
152,1,22.0,1,0,66.6,Mrs,0,0,0,0,1
153,0,55.5,0,0,8.05,Mr,0,1,1,0,1
154,0,40.5,0,2,14.5,Mr,0,1,1,0,1
155,0,25.14061,0,0,7.3125,Mr,0,1,1,0,1
156,0,51.0,0,1,61.3792,Mr,0,0,1,0,0
157,1,16.0,0,0,7.7333,Miss,0,1,0,1,0
158,0,30.0,0,0,8.05,Mr,0,1,1,0,1
159,0,25.14061,0,0,8.6625,Mr,0,1,1,0,1
160,0,25.14061,8,2,69.55,Master,0,1,1,0,1
161,0,44.0,0,1,16.1,Mr,0,1,1,0,1
162,1,40.0,0,0,15.75,Mrs,1,0,0,0,1
163,0,26.0,0,0,7.775,Mr,0,1,1,0,1
164,0,17.0,0,0,8.6625,Mr,0,1,1,0,1
165,0,1.0,4,1,39.6875,Master,0,1,1,0,1
166,1,9.0,0,2,20.525,Master,0,1,1,0,1
167,1,38.12347,0,1,55.0,Mrs,0,0,0,0,1
168,0,45.0,1,4,27.9,Mrs,0,1,0,0,1
169,0,38.12347,0,0,25.925,Mr,0,0,1,0,1
170,0,28.0,0,0,56.4958,Mr,0,1,1,0,1
171,0,61.0,0,0,33.5,Mr,0,0,1,0,1
172,0,4.0,4,1,29.125,Master,0,1,1,1,0
173,1,1.0,1,1,11.1333,Miss,0,1,0,0,1
174,0,21.0,0,0,7.925,Mr,0,1,1,0,1
175,0,56.0,0,0,30.6958,Mr,0,0,1,0,0
176,0,18.0,1,1,7.8542,Mr,0,1,1,0,1
177,0,25.14061,3,1,25.4667,Master,0,1,1,0,1
178,0,50.0,0,0,28.7125,Miss,0,0,0,0,0
179,0,30.0,0,0,13.0,Mr,1,0,1,0,1
180,0,36.0,0,0,0.0,Mr,0,1,1,0,1
181,0,25.14061,8,2,69.55,Miss,0,1,0,0,1
182,0,29.8776,0,0,15.05,Mr,1,0,1,0,0
183,0,9.0,4,2,31.3875,Master,0,1,1,0,1
184,1,1.0,2,1,39.0,Master,1,0,1,0,1
185,1,4.0,0,2,22.025,Miss,0,1,0,0,1
186,0,38.12347,0,0,50.0,Mr,0,0,1,0,1
187,1,25.14061,1,0,15.5,Mrs,0,1,0,1,0
188,1,45.0,0,0,26.55,Mr,0,0,1,0,1
189,0,40.0,1,1,15.5,Mr,0,1,1,1,0
190,0,36.0,0,0,7.8958,Mr,0,1,1,0,1
191,1,32.0,0,0,13.0,Mrs,1,0,0,0,1
192,0,19.0,0,0,13.0,Mr,1,0,1,0,1
193,1,19.0,1,0,7.8542,Miss,0,1,0,0,1
194,1,3.0,1,1,26.0,Master,1,0,1,0,1
195,1,44.0,0,0,27.7208,Mrs,0,0,0,0,0
196,1,58.0,0,0,146.5208,Miss,0,0,0,0,0
197,0,25.14061,0,0,7.75,Mr,0,1,1,1,0
198,0,42.0,0,1,8.4042,Mr,0,1,1,0,1
199,1,25.14061,0,0,7.75,Miss,0,1,0,1,0
200,0,24.0,0,0,13.0,Miss,1,0,0,0,1
201,0,28.0,0,0,9.5,Mr,0,1,1,0,1
202,0,25.14061,8,2,69.55,Mr,0,1,1,0,1
203,0,34.0,0,0,6.4958,Mr,0,1,1,0,1
204,0,45.5,0,0,7.225,Mr,0,1,1,0,0
205,1,18.0,0,0,8.05,Mr,0,1,1,0,1
206,0,2.0,0,1,10.4625,Miss,0,1,0,0,1
207,0,32.0,1,0,15.85,Mr,0,1,1,0,1
208,1,26.0,0,0,18.7875,Mr,0,1,1,0,0
209,1,16.0,0,0,7.75,Miss,0,1,0,1,0
210,1,40.0,0,0,31.0,Mr,0,0,1,0,0
211,0,24.0,0,0,7.05,Mr,0,1,1,0,1
212,1,35.0,0,0,21.0,Miss,1,0,0,0,1
213,0,22.0,0,0,7.25,Mr,0,1,1,0,1
214,0,30.0,0,0,13.0,Mr,1,0,1,0,1
215,0,25.14061,1,0,7.75,Mr,0,1,1,1,0
216,1,31.0,1,0,113.275,Miss,0,0,0,0,0
217,1,27.0,0,0,7.925,Miss,0,1,0,0,1
218,0,42.0,1,0,27.0,Mr,1,0,1,0,1
219,1,32.0,0,0,76.2917,Miss,0,0,0,0,0
220,0,30.0,0,0,10.5,Mr,1,0,1,0,1
221,1,16.0,0,0,8.05,Mr,0,1,1,0,1
222,0,27.0,0,0,13.0,Mr,1,0,1,0,1
223,0,51.0,0,0,8.05,Mr,0,1,1,0,1
224,0,25.14061,0,0,7.8958,Mr,0,1,1,0,1
225,1,38.0,1,0,90.0,Mr,0,0,1,0,1
226,0,22.0,0,0,9.35,Mr,0,1,1,0,1
227,1,19.0,0,0,10.5,Mr,1,0,1,0,1
228,0,20.5,0,0,7.25,Mr,0,1,1,0,1
229,0,18.0,0,0,13.0,Mr,1,0,1,0,1
230,0,25.14061,3,1,25.4667,Miss,0,1,0,0,1
231,1,35.0,1,0,83.475,Mrs,0,0,0,0,1
232,0,29.0,0,0,7.775,Mr,0,1,1,0,1
233,0,59.0,0,0,13.5,Mr,1,0,1,0,1
234,1,5.0,4,2,31.3875,Miss,0,1,0,0,1
235,0,24.0,0,0,10.5,Mr,1,0,1,0,1
236,0,25.14061,0,0,7.55,Miss,0,1,0,0,1
237,0,44.0,1,0,26.0,Mr,1,0,1,0,1
238,1,8.0,0,2,26.25,Miss,1,0,0,0,1
239,0,19.0,0,0,10.5,Mr,1,0,1,0,1
240,0,33.0,0,0,12.275,Mr,1,0,1,0,1
241,0,25.14061,1,0,14.4542,Miss,0,1,0,0,0
242,1,25.14061,1,0,15.5,Miss,0,1,0,1,0
243,0,29.0,0,0,10.5,Mr,1,0,1,0,1
244,0,22.0,0,0,7.125,Mr,0,1,1,0,1
245,0,30.0,0,0,7.225,Mr,0,1,1,0,0
246,0,44.0,2,0,90.0,Dr,0,0,1,1,0
247,0,25.0,0,0,7.775,Miss,0,1,0,0,1
248,1,24.0,0,2,14.5,Mrs,1,0,0,0,1
249,1,37.0,1,1,52.5542,Mr,0,0,1,0,1
250,0,54.0,1,0,26.0,Rev,1,0,1,0,1
251,0,25.14061,0,0,7.25,Mr,0,1,1,0,1
252,0,29.0,1,1,10.4625,Mrs,0,1,0,0,1
253,0,62.0,0,0,26.55,Mr,0,0,1,0,1
254,0,30.0,1,0,16.1,Mr,0,1,1,0,1
255,0,41.0,0,2,20.2125,Mrs,0,1,0,0,1
256,1,29.0,0,2,15.2458,Mrs,0,1,0,0,0
257,1,38.12347,0,0,79.2,Mrs,0,0,0,0,0
258,1,30.0,0,0,86.5,Miss,0,0,0,0,1
259,1,35.0,0,0,512.3292,Miss,0,0,0,0,0
260,1,50.0,0,1,26.0,Mrs,1,0,0,0,1
261,0,25.14061,0,0,7.75,Mr,0,1,1,1,0
262,1,3.0,4,2,31.3875,Master,0,1,1,0,1
263,0,52.0,1,1,79.65,Mr,0,0,1,0,1
264,0,40.0,0,0,0.0,Mr,0,0,1,0,1
265,0,25.14061,0,0,7.75,Miss,0,1,0,1,0
266,0,36.0,0,0,10.5,Mr,1,0,1,0,1
267,0,16.0,4,1,39.6875,Mr,0,1,1,0,1
268,1,25.0,1,0,7.775,Mr,0,1,1,0,1
269,1,58.0,0,1,153.4625,Mrs,0,0,0,0,1
270,1,35.0,0,0,135.6333,Miss,0,0,0,0,1
271,0,38.12347,0,0,31.0,Mr,0,0,1,0,1
272,1,25.0,0,0,0.0,Mr,0,1,1,0,1
273,1,41.0,0,1,19.5,Mrs,1,0,0,0,1
274,0,37.0,0,1,29.7,Mr,0,0,1,0,0
275,1,25.14061,0,0,7.75,Miss,0,1,0,1,0
276,1,63.0,1,0,77.9583,Miss,0,0,0,0,1
277,0,45.0,0,0,7.75,Miss,0,1,0,0,1
278,0,29.8776,0,0,0.0,Mr,1,0,1,0,1
279,0,7.0,4,1,29.125,Master,0,1,1,1,0
280,1,35.0,1,1,20.25,Mrs,0,1,0,0,1
281,0,65.0,0,0,7.75,Mr,0,1,1,1,0
282,0,28.0,0,0,7.8542,Mr,0,1,1,0,1
283,0,16.0,0,0,9.5,Mr,0,1,1,0,1
284,1,19.0,0,0,8.05,Mr,0,1,1,0,1
285,0,38.12347,0,0,26.0,Mr,0,0,1,0,1
286,0,33.0,0,0,8.6625,Mr,0,1,1,0,0
287,1,30.0,0,0,9.5,Mr,0,1,1,0,1
288,0,22.0,0,0,7.8958,Mr,0,1,1,0,1
289,1,42.0,0,0,13.0,Mr,1,0,1,0,1
290,1,22.0,0,0,7.75,Miss,0,1,0,1,0
291,1,26.0,0,0,78.85,Miss,0,0,0,0,1
292,1,19.0,1,0,91.0792,Mrs,0,0,0,0,0
293,0,36.0,0,0,12.875,Mr,1,0,1,0,0
294,0,24.0,0,0,8.85,Miss,0,1,0,0,1
295,0,24.0,0,0,7.8958,Mr,0,1,1,0,1
296,0,38.12347,0,0,27.7208,Mr,0,0,1,0,0
297,0,23.5,0,0,7.2292,Mr,0,1,1,0,0
298,0,2.0,1,2,151.55,Miss,0,0,0,0,1
299,1,38.12347,0,0,30.5,Mr,0,0,1,0,1
300,1,50.0,0,1,247.5208,Mrs,0,0,0,0,0
301,1,25.14061,0,0,7.75,Miss,0,1,0,1,0
302,1,25.14061,2,0,23.25,Mr,0,1,1,1,0
303,0,19.0,0,0,0.0,Mr,0,1,1,0,1
304,1,29.8776,0,0,12.35,Miss,1,0,0,1,0
305,0,25.14061,0,0,8.05,Mr,0,1,1,0,1
306,1,0.92,1,2,151.55,Master,0,0,1,0,1
307,1,38.12347,0,0,110.8833,Miss,0,0,0,0,0
308,1,17.0,1,0,108.9,Mrs,0,0,0,0,0
309,0,30.0,1,0,24.0,Mr,1,0,1,0,0
310,1,30.0,0,0,56.9292,Miss,0,0,0,0,0
311,1,24.0,0,0,83.1583,Miss,0,0,0,0,0
312,1,18.0,2,2,262.375,Miss,0,0,0,0,0
313,0,26.0,1,1,26.0,Mrs,1,0,0,0,1
314,0,28.0,0,0,7.8958,Mr,0,1,1,0,1
315,0,43.0,1,1,26.25,Mr,1,0,1,0,1
316,1,26.0,0,0,7.8542,Miss,0,1,0,0,1
317,1,24.0,1,0,26.0,Mrs,1,0,0,0,1
318,0,54.0,0,0,14.0,Dr,1,0,1,0,1
319,1,31.0,0,2,164.8667,Miss,0,0,0,0,1
320,1,40.0,1,1,134.5,Mrs,0,0,0,0,0
321,0,22.0,0,0,7.25,Mr,0,1,1,0,1
322,0,27.0,0,0,7.8958,Mr,0,1,1,0,1
323,1,30.0,0,0,12.35,Miss,1,0,0,1,0
324,1,22.0,1,1,29.0,Mrs,1,0,0,0,1
325,0,25.14061,8,2,69.55,Mr,0,1,1,0,1
326,1,36.0,0,0,135.6333,Miss,0,0,0,0,0
327,0,61.0,0,0,6.2375,Mr,0,1,1,0,1
328,1,36.0,0,0,13.0,Mrs,1,0,0,0,1
329,1,31.0,1,1,20.525,Mrs,0,1,0,0,1
330,1,16.0,0,1,57.9792,Miss,0,0,0,0,0
331,1,25.14061,2,0,23.25,Miss,0,1,0,1,0
332,0,45.5,0,0,28.5,Mr,0,0,1,0,1
333,0,38.0,0,1,153.4625,Mr,0,0,1,0,1
334,0,16.0,2,0,18.0,Mr,0,1,1,0,1
335,1,38.12347,1,0,133.65,Mrs,0,0,0,0,1
336,0,25.14061,0,0,7.8958,Mr,0,1,1,0,1
337,0,29.0,1,0,66.6,Mr,0,0,1,0,1
338,1,41.0,0,0,134.5,Miss,0,0,0,0,0
339,1,45.0,0,0,8.05,Mr,0,1,1,0,1
340,0,45.0,0,0,35.5,Mr,0,0,1,0,1
341,1,2.0,1,1,26.0,Master,1,0,1,0,1
342,1,24.0,3,2,263.0,Miss,0,0,0,0,1
343,0,28.0,0,0,13.0,Mr,1,0,1,0,1
344,0,25.0,0,0,13.0,Mr,1,0,1,0,1
345,0,36.0,0,0,13.0,Mr,1,0,1,0,1
346,1,24.0,0,0,13.0,Miss,1,0,0,0,1
347,1,40.0,0,0,13.0,Miss,1,0,0,0,1
348,1,25.14061,1,0,16.1,Mrs,0,1,0,0,1
349,1,3.0,1,1,15.9,Master,0,1,1,0,1
350,0,42.0,0,0,8.6625,Mr,0,1,1,0,1
351,0,23.0,0,0,9.225,Mr,0,1,1,0,1
352,0,38.12347,0,0,35.0,Mr,0,0,1,0,1
353,0,15.0,1,1,7.2292,Mr,0,1,1,0,0
354,0,25.0,1,0,17.8,Mr,0,1,1,0,1
355,0,25.14061,0,0,7.225,Mr,0,1,1,0,0
356,0,28.0,0,0,9.5,Mr,0,1,1,0,1
357,1,22.0,0,1,55.0,Miss,0,0,0,0,1
358,0,38.0,0,0,13.0,Miss,1,0,0,0,1
359,1,25.14061,0,0,7.8792,Miss,0,1,0,1,0
360,1,25.14061,0,0,7.8792,Miss,0,1,0,1,0
361,0,40.0,1,4,27.9,Mr,0,1,1,0,1
362,0,29.0,1,0,27.7208,Mr,1,0,1,0,0
363,0,45.0,0,1,14.4542,Mrs,0,1,0,0,0
364,0,35.0,0,0,7.05,Mr,0,1,1,0,1
365,0,25.14061,1,0,15.5,Mr,0,1,1,1,0
366,0,30.0,0,0,7.25,Mr,0,1,1,0,1
367,1,60.0,1,0,75.25,Mrs,0,0,0,0,0
368,1,25.14061,0,0,7.2292,Mrs,0,1,0,0,0
369,1,25.14061,0,0,7.75,Miss,0,1,0,1,0
370,1,24.0,0,0,69.3,Mrs,0,0,0,0,0
371,1,25.0,1,0,55.4417,Mr,0,0,1,0,0
372,0,18.0,1,0,6.4958,Mr,0,1,1,0,1
373,0,19.0,0,0,8.05,Mr,0,1,1,0,1
374,0,22.0,0,0,135.6333,Mr,0,0,1,0,0
375,0,3.0,3,1,21.075,Miss,0,1,0,0,1
376,1,38.12347,1,0,82.1708,Mrs,0,0,0,0,0
377,1,22.0,0,0,7.25,Miss,0,1,0,0,1
378,0,27.0,0,2,211.5,Mr,0,0,1,0,0
379,0,20.0,0,0,4.0125,Mr,0,1,1,0,0
380,0,19.0,0,0,7.775,Mr,0,1,1,0,1
381,1,42.0,0,0,227.525,Miss,0,0,0,0,0
382,1,1.0,0,2,15.7417,Miss,0,1,0,0,0
383,0,32.0,0,0,7.925,Mr,0,1,1,0,1
384,1,35.0,1,0,52.0,Mrs,0,0,0,0,1
385,0,25.14061,0,0,7.8958,Mr,0,1,1,0,1
386,0,18.0,0,0,73.5,Mr,1,0,1,0,1
387,0,1.0,5,2,46.9,Master,0,1,1,0,1
388,1,36.0,0,0,13.0,Miss,1,0,0,0,1
389,0,25.14061,0,0,7.7292,Mr,0,1,1,1,0
390,1,17.0,0,0,12.0,Miss,1,0,0,0,0
391,1,36.0,1,2,120.0,Mr,0,0,1,0,1
392,1,21.0,0,0,7.7958,Mr,0,1,1,0,1
393,0,28.0,2,0,7.925,Mr,0,1,1,0,1
394,1,23.0,1,0,113.275,Miss,0,0,0,0,0
395,1,24.0,0,2,16.7,Mrs,0,1,0,0,1
396,0,22.0,0,0,7.7958,Mr,0,1,1,0,1
397,0,31.0,0,0,7.8542,Miss,0,1,0,0,1
398,0,46.0,0,0,26.0,Mr,1,0,1,0,1
399,0,23.0,0,0,10.5,Dr,1,0,1,0,1
400,1,28.0,0,0,12.65,Mrs,1,0,0,0,1
401,1,39.0,0,0,7.925,Mr,0,1,1,0,1
402,0,26.0,0,0,8.05,Mr,0,1,1,0,1
403,0,21.0,1,0,9.825,Miss,0,1,0,0,1
404,0,28.0,1,0,15.85,Mr,0,1,1,0,1
405,0,20.0,0,0,8.6625,Miss,0,1,0,0,1
406,0,34.0,1,0,21.0,Mr,1,0,1,0,1
407,0,51.0,0,0,7.75,Mr,0,1,1,0,1
408,1,3.0,1,1,18.75,Master,1,0,1,0,1
409,0,21.0,0,0,7.775,Mr,0,1,1,0,1
410,0,25.14061,3,1,25.4667,Miss,0,1,0,0,1
411,0,25.14061,0,0,7.8958,Mr,0,1,1,0,1
412,0,25.14061,0,0,6.8583,Mr,0,1,1,1,0
413,1,33.0,1,0,90.0,Miss,0,0,0,1,0
414,0,29.8776,0,0,0.0,Mr,1,0,1,0,1
415,1,44.0,0,0,7.925,Mr,0,1,1,0,1
416,0,25.14061,0,0,8.05,Mrs,0,1,0,0,1
417,1,34.0,1,1,32.5,Mrs,1,0,0,0,1
418,1,18.0,0,2,13.0,Miss,1,0,0,0,1
419,0,30.0,0,0,13.0,Mr,1,0,1,0,1
420,0,10.0,0,2,24.15,Miss,0,1,0,0,1
421,0,25.14061,0,0,7.8958,Mr,0,1,1,0,0
422,0,21.0,0,0,7.7333,Mr,0,1,1,1,0
423,0,29.0,0,0,7.875,Mr,0,1,1,0,1
424,0,28.0,1,1,14.4,Mrs,0,1,0,0,1
425,0,18.0,1,1,20.2125,Mr,0,1,1,0,1
426,0,25.14061,0,0,7.25,Mr,0,1,1,0,1
427,1,28.0,1,0,26.0,Mrs,1,0,0,0,1
428,1,19.0,0,0,26.0,Miss,1,0,0,0,1
429,0,25.14061,0,0,7.75,Mr,0,1,1,1,0
430,1,32.0,0,0,8.05,Mr,0,1,1,0,1
431,1,28.0,0,0,26.55,Mr,0,0,1,0,1
432,1,25.14061,1,0,16.1,Mrs,0,1,0,0,1
433,1,42.0,1,0,26.0,Mrs,1,0,0,0,1
434,0,17.0,0,0,7.125,Mr,0,1,1,0,1
435,0,50.0,1,0,55.9,Mr,0,0,1,0,1
436,1,14.0,1,2,120.0,Miss,0,0,0,0,1
437,0,21.0,2,2,34.375,Miss,0,1,0,0,1
438,1,24.0,2,3,18.75,Mrs,1,0,0,0,1
439,0,64.0,1,4,263.0,Mr,0,0,1,0,1
440,0,31.0,0,0,10.5,Mr,1,0,1,0,1
441,1,45.0,1,1,26.25,Mrs,1,0,0,0,1
442,0,20.0,0,0,9.5,Mr,0,1,1,0,1
443,0,25.0,1,0,7.775,Mr,0,1,1,0,1
444,1,28.0,0,0,13.0,Miss,1,0,0,0,1
445,1,25.14061,0,0,8.1125,Mr,0,1,1,0,1
446,1,4.0,0,2,81.8583,Master,0,0,1,0,1
447,1,13.0,0,1,19.5,Miss,1,0,0,0,1
448,1,34.0,0,0,26.55,Mr,0,0,1,0,1
449,1,5.0,2,1,19.2583,Miss,0,1,0,0,0
450,1,52.0,0,0,30.5,Sir,0,0,1,0,1
451,0,36.0,1,2,27.75,Mr,1,0,1,0,1
452,0,25.14061,1,0,19.9667,Mr,0,1,1,0,1
453,0,30.0,0,0,27.75,Mr,0,0,1,0,0
454,1,49.0,1,0,89.1042,Mr,0,0,1,0,0
455,0,25.14061,0,0,8.05,Mr,0,1,1,0,1
456,1,29.0,0,0,7.8958,Mr,0,1,1,0,0
457,0,65.0,0,0,26.55,Mr,0,0,1,0,1
458,1,38.12347,1,0,51.8625,Mrs,0,0,0,0,1
459,1,50.0,0,0,10.5,Miss,1,0,0,0,1
460,0,25.14061,0,0,7.75,Mr,0,1,1,1,0
461,1,48.0,0,0,26.55,Mr,0,0,1,0,1
462,0,34.0,0,0,8.05,Mr,0,1,1,0,1
463,0,47.0,0,0,38.5,Mr,0,0,1,0,1
464,0,48.0,0,0,13.0,Mr,1,0,1,0,1
465,0,25.14061,0,0,8.05,Mr,0,1,1,0,1
466,0,38.0,0,0,7.05,Mr,0,1,1,0,1
467,0,29.8776,0,0,0.0,Mr,1,0,1,0,1
468,0,56.0,0,0,26.55,Mr,0,0,1,0,1
469,0,25.14061,0,0,7.725,Mr,0,1,1,1,0
470,1,0.75,2,1,19.2583,Miss,0,1,0,0,0
471,0,25.14061,0,0,7.25,Mr,0,1,1,0,1
472,0,38.0,0,0,8.6625,Mr,0,1,1,0,1
473,1,33.0,1,2,27.75,Mrs,1,0,0,0,1
474,1,23.0,0,0,13.7917,Mrs,1,0,0,0,0
475,0,22.0,0,0,9.8375,Miss,0,1,0,0,1
476,0,38.12347,0,0,52.0,Mr,0,0,1,0,1
477,0,34.0,1,0,21.0,Mr,1,0,1,0,1
478,0,29.0,1,0,7.0458,Mr,0,1,1,0,1
479,0,22.0,0,0,7.5208,Mr,0,1,1,0,1
480,1,2.0,0,1,12.2875,Miss,0,1,0,0,1
481,0,9.0,5,2,46.9,Master,0,1,1,0,1
482,0,29.8776,0,0,0.0,Mr,1,0,1,0,1
483,0,50.0,0,0,8.05,Mr,0,1,1,0,1
484,1,63.0,0,0,9.5875,Mrs,0,1,0,0,1
485,1,25.0,1,0,91.0792,Mr,0,0,1,0,0
486,0,25.14061,3,1,25.4667,Miss,0,1,0,0,1
487,1,35.0,1,0,90.0,Mrs,0,0,0,0,1
488,0,58.0,0,0,29.7,Mr,0,0,1,0,0
489,0,30.0,0,0,8.05,Mr,0,1,1,0,1
490,1,9.0,1,1,15.9,Master,0,1,1,0,1
491,0,25.14061,1,0,19.9667,Mr,0,1,1,0,1
492,0,21.0,0,0,7.25,Mr,0,1,1,0,1
493,0,55.0,0,0,30.5,Mr,0,0,1,0,1
494,0,71.0,0,0,49.5042,Mr,0,0,1,0,0
495,0,21.0,0,0,8.05,Mr,0,1,1,0,1
496,0,25.14061,0,0,14.4583,Mr,0,1,1,0,0
497,1,54.0,1,0,78.2667,Miss,0,0,0,0,0
498,0,25.14061,0,0,15.1,Mr,0,1,1,0,1
499,0,25.0,1,2,151.55,Mrs,0,0,0,0,1
500,0,24.0,0,0,7.7958,Mr,0,1,1,0,1
501,0,17.0,0,0,8.6625,Mr,0,1,1,0,1
502,0,21.0,0,0,7.75,Miss,0,1,0,1,0
503,0,25.14061,0,0,7.6292,Miss,0,1,0,1,0
504,0,37.0,0,0,9.5875,Miss,0,1,0,0,1
505,1,16.0,0,0,86.5,Miss,0,0,0,0,1
506,0,18.0,1,0,108.9,Mr,0,0,1,0,0
507,1,33.0,0,2,26.0,Mrs,1,0,0,0,1
508,1,38.12347,0,0,26.55,Mr,0,0,1,0,1
509,0,28.0,0,0,22.525,Mr,0,1,1,0,1
510,1,26.0,0,0,56.4958,Mr,0,1,1,0,1
511,1,29.0,0,0,7.75,Mr,0,1,1,1,0
512,0,25.14061,0,0,8.05,Mr,0,1,1,0,1
513,1,36.0,0,0,26.2875,Mr,0,0,1,0,1
514,1,54.0,1,0,59.4,Mrs,0,0,0,0,0
515,0,24.0,0,0,7.4958,Mr,0,1,1,0,1
516,0,47.0,0,0,34.0208,Mr,0,0,1,0,1
517,1,34.0,0,0,10.5,Mrs,1,0,0,0,1
518,0,25.14061,0,0,24.15,Mr,0,1,1,1,0
519,1,36.0,1,0,26.0,Mrs,1,0,0,0,1
520,0,32.0,0,0,7.8958,Mr,0,1,1,0,1
521,1,30.0,0,0,93.5,Miss,0,0,0,0,1
522,0,22.0,0,0,7.8958,Mr,0,1,1,0,1
523,0,25.14061,0,0,7.225,Mr,0,1,1,0,0
524,1,44.0,0,1,57.9792,Mrs,0,0,0,0,0
525,0,25.14061,0,0,7.2292,Mr,0,1,1,0,0
526,0,40.5,0,0,7.75,Mr,0,1,1,1,0
527,1,50.0,0,0,10.5,Miss,1,0,0,0,1
528,0,38.12347,0,0,221.7792,Mr,0,0,1,0,1
529,0,39.0,0,0,7.925,Mr,0,1,1,0,1
530,0,23.0,2,1,11.5,Mr,1,0,1,0,1
531,1,2.0,1,1,26.0,Miss,1,0,0,0,1
532,0,25.14061,0,0,7.2292,Mr,0,1,1,0,0
533,0,17.0,1,1,7.2292,Mr,0,1,1,0,0
534,1,25.14061,0,2,22.3583,Mrs,0,1,0,0,0
535,0,30.0,0,0,8.6625,Miss,0,1,0,0,1
536,1,7.0,0,2,26.25,Miss,1,0,0,0,1
537,0,45.0,0,0,26.55,Sir,0,0,1,0,1
538,1,30.0,0,0,106.425,Miss,0,0,0,0,0
539,0,25.14061,0,0,14.5,Mr,0,1,1,0,1
540,1,22.0,0,2,49.5,Miss,0,0,0,0,0
541,1,36.0,0,2,71.0,Miss,0,0,0,0,1
542,0,9.0,4,2,31.275,Miss,0,1,0,0,1
543,0,11.0,4,2,31.275,Miss,0,1,0,0,1
544,1,32.0,1,0,26.0,Mr,1,0,1,0,1
545,0,50.0,1,0,106.425,Mr,0,0,1,0,0
546,0,64.0,0,0,26.0,Mr,0,0,1,0,1
547,1,19.0,1,0,26.0,Mrs,1,0,0,0,1
548,1,29.8776,0,0,13.8625,Mr,1,0,1,0,0
549,0,33.0,1,1,20.525,Mr,0,1,1,0,1
550,1,8.0,1,1,36.75,Master,1,0,1,0,1
551,1,17.0,0,2,110.8833,Mr,0,0,1,0,0
552,0,27.0,0,0,26.0,Mr,1,0,1,0,1
553,0,25.14061,0,0,7.8292,Mr,0,1,1,1,0
554,1,22.0,0,0,7.225,Mr,0,1,1,0,0
555,1,22.0,0,0,7.775,Miss,0,1,0,0,1
556,0,62.0,0,0,26.55,Mr,0,0,1,0,1
557,1,48.0,1,0,39.6,Lady,0,0,0,0,0
558,0,38.12347,0,0,227.525,Mr,0,0,1,0,0
559,1,39.0,1,1,79.65,Mrs,0,0,0,0,1
560,1,36.0,1,0,17.4,Mrs,0,1,0,0,1
561,0,25.14061,0,0,7.75,Mr,0,1,1,1,0
562,0,40.0,0,0,7.8958,Mr,0,1,1,0,1
563,0,28.0,0,0,13.5,Mr,1,0,1,0,1
564,0,25.14061,0,0,8.05,Mr,0,1,1,0,1
565,0,25.14061,0,0,8.05,Miss,0,1,0,0,1
566,0,24.0,2,0,24.15,Mr,0,1,1,0,1
567,0,19.0,0,0,7.8958,Mr,0,1,1,0,1
568,0,29.0,0,4,21.075,Mrs,0,1,0,0,1
569,0,25.14061,0,0,7.2292,Mr,0,1,1,0,0
570,1,32.0,0,0,7.8542,Mr,0,1,1,0,1
571,1,62.0,0,0,10.5,Mr,1,0,1,0,1
572,1,53.0,2,0,51.4792,Mrs,0,0,0,0,1
573,1,36.0,0,0,26.3875,Mr,0,0,1,0,1
574,1,25.14061,0,0,7.75,Miss,0,1,0,1,0
575,0,16.0,0,0,8.05,Mr,0,1,1,0,1
576,0,19.0,0,0,14.5,Mr,0,1,1,0,1
577,1,34.0,0,0,13.0,Miss,1,0,0,0,1
578,1,39.0,1,0,55.9,Mrs,0,0,0,0,1
579,0,25.14061,1,0,14.4583,Mrs,0,1,0,0,0
580,1,32.0,0,0,7.925,Mr,0,1,1,0,1
581,1,25.0,1,1,30.0,Miss,1,0,0,0,1
582,1,39.0,1,1,110.8833,Mrs,0,0,0,0,0
583,0,54.0,0,0,26.0,Mr,1,0,1,0,1
584,0,36.0,0,0,40.125,Mr,0,0,1,0,0
585,0,25.14061,0,0,8.7125,Mr,0,1,1,0,0
586,1,18.0,0,2,79.65,Miss,0,0,0,0,1
587,0,47.0,0,0,15.0,Mr,1,0,1,0,1
588,1,60.0,1,1,79.2,Mr,0,0,1,0,0
589,0,22.0,0,0,8.05,Mr,0,1,1,0,1
590,0,25.14061,0,0,8.05,Mr,0,1,1,0,1
591,0,35.0,0,0,7.125,Mr,0,1,1,0,1
592,1,52.0,1,0,78.2667,Mrs,0,0,0,0,0
593,0,47.0,0,0,7.25,Mr,0,1,1,0,1
594,0,25.14061,0,2,7.75,Miss,0,1,0,1,0
595,0,37.0,1,0,26.0,Mr,1,0,1,0,1
596,0,36.0,1,1,24.15,Mr,0,1,1,0,1
597,1,29.8776,0,0,33.0,Miss,1,0,0,0,1
598,0,49.0,0,0,0.0,Mr,0,1,1,0,1
599,0,25.14061,0,0,7.225,Mr,0,1,1,0,0
600,1,49.0,1,0,56.9292,Sir,0,0,1,0,0
601,1,24.0,2,1,27.0,Mrs,1,0,0,0,1
602,0,25.14061,0,0,7.8958,Mr,0,1,1,0,1
603,0,38.12347,0,0,42.4,Mr,0,0,1,0,1
604,0,44.0,0,0,8.05,Mr,0,1,1,0,1
605,1,35.0,0,0,26.55,Mr,0,0,1,0,0
606,0,36.0,1,0,15.55,Mr,0,1,1,0,1
607,0,30.0,0,0,7.8958,Mr,0,1,1,0,1
608,1,27.0,0,0,30.5,Mr,0,0,1,0,1
609,1,22.0,1,2,41.5792,Mrs,1,0,0,0,0
610,1,40.0,0,0,153.4625,Miss,0,0,0,0,1
611,0,39.0,1,5,31.275,Mrs,0,1,0,0,1
612,0,25.14061,0,0,7.05,Mr,0,1,1,0,1
613,1,25.14061,1,0,15.5,Miss,0,1,0,1,0
614,0,25.14061,0,0,7.75,Mr,0,1,1,1,0
615,0,35.0,0,0,8.05,Mr,0,1,1,0,1
616,1,24.0,1,2,65.0,Miss,1,0,0,0,1
617,0,34.0,1,1,14.4,Mr,0,1,1,0,1
618,0,26.0,1,0,16.1,Mrs,0,1,0,0,1
619,1,4.0,2,1,39.0,Miss,1,0,0,0,1
620,0,26.0,0,0,10.5,Mr,1,0,1,0,1
621,0,27.0,1,0,14.4542,Mr,0,1,1,0,0
622,1,42.0,1,0,52.5542,Mr,0,0,1,0,1
623,1,20.0,1,1,15.7417,Mr,0,1,1,0,0
624,0,21.0,0,0,7.8542,Mr,0,1,1,0,1
625,0,21.0,0,0,16.1,Mr,0,1,1,0,1
626,0,61.0,0,0,32.3208,Mr,0,0,1,0,1
627,0,57.0,0,0,12.35,Rev,1,0,1,1,0
628,1,21.0,0,0,77.9583,Miss,0,0,0,0,1
629,0,26.0,0,0,7.8958,Mr,0,1,1,0,1
630,0,25.14061,0,0,7.7333,Mr,0,1,1,1,0
631,1,80.0,0,0,30.0,Mr,0,0,1,0,1
632,0,51.0,0,0,7.0542,Mr,0,1,1,0,1
633,1,32.0,0,0,30.5,Dr,0,0,1,0,0
634,0,38.12347,0,0,0.0,Mr,0,0,1,0,1
635,0,9.0,3,2,27.9,Miss,0,1,0,0,1
636,1,28.0,0,0,13.0,Miss,1,0,0,0,1
637,0,32.0,0,0,7.925,Mr,0,1,1,0,1
638,0,31.0,1,1,26.25,Mr,1,0,1,0,1
639,0,41.0,0,5,39.6875,Mrs,0,1,0,0,1
640,0,25.14061,1,0,16.1,Mr,0,1,1,0,1
641,0,20.0,0,0,7.8542,Mr,0,1,1,0,1
642,1,24.0,0,0,69.3,Miss,0,0,0,0,0
643,0,2.0,3,2,27.9,Miss,0,1,0,0,1
644,1,25.14061,0,0,56.4958,Mr,0,1,1,0,1
645,1,0.75,2,1,19.2583,Miss,0,1,0,0,0
646,1,48.0,1,0,76.7292,Mr,0,0,1,0,0
647,0,19.0,0,0,7.8958,Mr,0,1,1,0,1
648,1,56.0,0,0,35.5,Sir,0,0,1,0,0
649,0,25.14061,0,0,7.55,Mr,0,1,1,0,1
650,1,23.0,0,0,7.55,Miss,0,1,0,0,1
651,0,25.14061,0,0,7.8958,Mr,0,1,1,0,1
652,1,18.0,0,1,23.0,Miss,1,0,0,0,1
653,0,21.0,0,0,8.4333,Mr,0,1,1,0,1
654,1,25.14061,0,0,7.8292,Miss,0,1,0,1,0
655,0,18.0,0,0,6.75,Miss,0,1,0,1,0
656,0,24.0,2,0,73.5,Mr,1,0,1,0,1
657,0,25.14061,0,0,7.8958,Mr,0,1,1,0,1
658,0,32.0,1,1,15.5,Mrs,0,1,0,1,0
659,0,23.0,0,0,13.0,Mr,1,0,1,0,1
660,0,58.0,0,2,113.275,Mr,0,0,1,0,0
661,1,50.0,2,0,133.65,Dr,0,0,1,0,1
662,0,40.0,0,0,7.225,Mr,0,1,1,0,0
663,0,47.0,0,0,25.5875,Mr,0,0,1,0,1
664,0,36.0,0,0,7.4958,Mr,0,1,1,0,1
665,1,20.0,1,0,7.925,Mr,0,1,1,0,1
666,0,32.0,2,0,73.5,Mr,1,0,1,0,1
667,0,25.0,0,0,13.0,Mr,1,0,1,0,1
668,0,25.14061,0,0,7.775,Mr,0,1,1,0,1
669,0,43.0,0,0,8.05,Mr,0,1,1,0,1
670,1,38.12347,1,0,52.0,Mrs,0,0,0,0,1
671,1,40.0,1,1,39.0,Mrs,1,0,0,0,1
672,0,31.0,1,0,52.0,Mr,0,0,1,0,1
673,0,70.0,0,0,10.5,Mr,1,0,1,0,1
674,1,31.0,0,0,13.0,Mr,1,0,1,0,1
675,0,29.8776,0,0,0.0,Mr,1,0,1,0,1
676,0,18.0,0,0,7.775,Mr,0,1,1,0,1
677,0,24.5,0,0,8.05,Mr,0,1,1,0,1
678,1,18.0,0,0,9.8417,Miss,0,1,0,0,1
679,0,43.0,1,6,46.9,Mrs,0,1,0,0,1
680,1,36.0,0,1,512.3292,Mr,0,0,1,0,0
681,0,25.14061,0,0,8.1375,Miss,0,1,0,1,0
682,1,27.0,0,0,76.7292,Mr,0,0,1,0,0
683,0,20.0,0,0,9.225,Mr,0,1,1,0,1
684,0,14.0,5,2,46.9,Mr,0,1,1,0,1
685,0,60.0,1,1,39.0,Mr,1,0,1,0,1
686,0,25.0,1,2,41.5792,Mr,1,0,1,0,0
687,0,14.0,4,1,39.6875,Mr,0,1,1,0,1
688,0,19.0,0,0,10.1708,Mr,0,1,1,0,1
689,0,18.0,0,0,7.7958,Mr,0,1,1,0,1
690,1,15.0,0,1,211.3375,Miss,0,0,0,0,1
691,1,31.0,1,0,57.0,Mr,0,0,1,0,1
692,1,4.0,0,1,13.4167,Miss,0,1,0,0,0
693,1,25.14061,0,0,56.4958,Mr,0,1,1,0,1
694,0,25.0,0,0,7.225,Mr,0,1,1,0,0
695,0,60.0,0,0,26.55,Sir,0,0,1,0,1
696,0,52.0,0,0,13.5,Mr,1,0,1,0,1
697,0,44.0,0,0,8.05,Mr,0,1,1,0,1
698,1,25.14061,0,0,7.7333,Miss,0,1,0,1,0
699,0,49.0,1,1,110.8833,Mr,0,0,1,0,0
700,0,42.0,0,0,7.65,Mr,0,1,1,0,1
701,1,18.0,1,0,227.525,Mrs,0,0,0,0,0
702,1,35.0,0,0,26.2875,Mr,0,0,1,0,1
703,0,18.0,0,1,14.4542,Miss,0,1,0,0,0
704,0,25.0,0,0,7.7417,Mr,0,1,1,1,0
705,0,26.0,1,0,7.8542,Mr,0,1,1,0,1
706,0,39.0,0,0,26.0,Mr,1,0,1,0,1
707,1,45.0,0,0,13.5,Mrs,1,0,0,0,1
708,1,42.0,0,0,26.2875,Mr,0,0,1,0,1
709,1,22.0,0,0,151.55,Miss,0,0,0,0,1
710,1,25.14061,1,1,15.2458,Master,0,1,1,0,0
711,1,24.0,0,0,49.5042,Miss,0,0,0,0,0
712,0,38.12347,0,0,26.55,Mr,0,0,1,0,1
713,1,48.0,1,0,52.0,Mr,0,0,1,0,1
714,0,29.0,0,0,9.4833,Mr,0,1,1,0,1
715,0,52.0,0,0,13.0,Mr,1,0,1,0,1
716,0,19.0,0,0,7.65,Mr,0,1,1,0,1
717,1,38.0,0,0,227.525,Miss,0,0,0,0,0
718,1,27.0,0,0,10.5,Miss,1,0,0,0,1
719,0,25.14061,0,0,15.5,Mr,0,1,1,1,0
720,0,33.0,0,0,7.775,Mr,0,1,1,0,1
721,1,6.0,0,1,33.0,Miss,1,0,0,0,1
722,0,17.0,1,0,7.0542,Mr,0,1,1,0,1
723,0,34.0,0,0,13.0,Mr,1,0,1,0,1
724,0,50.0,0,0,13.0,Mr,1,0,1,0,1
725,1,27.0,1,0,53.1,Mr,0,0,1,0,1
726,0,20.0,0,0,8.6625,Mr,0,1,1,0,1
727,1,30.0,3,0,21.0,Mrs,1,0,0,0,1
728,1,25.14061,0,0,7.7375,Miss,0,1,0,1,0
729,0,25.0,1,0,26.0,Mr,1,0,1,0,1
730,0,25.0,1,0,7.925,Miss,0,1,0,0,1
731,1,29.0,0,0,211.3375,Miss,0,0,0,0,1
732,0,11.0,0,0,18.7875,Mr,0,1,1,0,0
733,0,29.8776,0,0,0.0,Mr,1,0,1,0,1
734,0,23.0,0,0,13.0,Mr,1,0,1,0,1
735,0,23.0,0,0,13.0,Mr,1,0,1,0,1
736,0,28.5,0,0,16.1,Mr,0,1,1,0,1
737,0,48.0,1,3,34.375,Mrs,0,1,0,0,1
738,1,35.0,0,0,512.3292,Mr,0,0,1,0,0
739,0,25.14061,0,0,7.8958,Mr,0,1,1,0,1
740,0,25.14061,0,0,7.8958,Mr,0,1,1,0,1
741,1,38.12347,0,0,30.0,Mr,0,0,1,0,1
742,0,36.0,1,0,78.85,Mr,0,0,1,0,1
743,1,21.0,2,2,262.375,Miss,0,0,0,0,0
744,0,24.0,1,0,16.1,Mr,0,1,1,0,1
745,1,31.0,0,0,7.925,Mr,0,1,1,0,1
746,0,70.0,1,1,71.0,Sir,0,0,1,0,1
747,0,16.0,1,1,20.25,Mr,0,1,1,0,1
748,1,30.0,0,0,13.0,Miss,1,0,0,0,1
749,0,19.0,1,0,53.1,Mr,0,0,1,0,1
750,0,31.0,0,0,7.75,Mr,0,1,1,1,0
751,1,4.0,1,1,23.0,Miss,1,0,0,0,1
752,1,6.0,0,1,12.475,Master,0,1,1,0,1
753,0,33.0,0,0,9.5,Mr,0,1,1,0,1
754,0,23.0,0,0,7.8958,Mr,0,1,1,0,1
755,1,48.0,1,2,65.0,Mrs,1,0,0,0,1
756,1,0.67,1,1,14.5,Master,1,0,1,0,1
757,0,28.0,0,0,7.7958,Mr,0,1,1,0,1
758,0,18.0,0,0,11.5,Mr,1,0,1,0,1
759,0,34.0,0,0,8.05,Mr,0,1,1,0,1
760,1,33.0,0,0,86.5,Lady,0,0,0,0,1
761,0,25.14061,0,0,14.5,Mr,0,1,1,0,1
762,0,41.0,0,0,7.125,Mr,0,1,1,0,1
763,1,20.0,0,0,7.2292,Mr,0,1,1,0,0
764,1,36.0,1,2,120.0,Mrs,0,0,0,0,1
765,0,16.0,0,0,7.775,Mr,0,1,1,0,1
766,1,51.0,1,0,77.9583,Mrs,0,0,0,0,1
767,0,38.12347,0,0,39.6,Dr,0,0,1,0,0
768,0,30.5,0,0,7.75,Miss,0,1,0,1,0
769,0,25.14061,1,0,24.15,Mr,0,1,1,1,0
770,0,32.0,0,0,8.3625,Mr,0,1,1,0,1
771,0,24.0,0,0,9.5,Mr,0,1,1,0,1
772,0,48.0,0,0,7.8542,Mr,0,1,1,0,1
773,0,57.0,0,0,10.5,Mrs,1,0,0,0,1
774,0,25.14061,0,0,7.225,Mr,0,1,1,0,0
775,1,54.0,1,3,23.0,Mrs,1,0,0,0,1
776,0,18.0,0,0,7.75,Mr,0,1,1,0,1
777,0,25.14061,0,0,7.75,Mr,0,1,1,1,0
778,1,5.0,0,0,12.475,Miss,0,1,0,0,1
779,0,25.14061,0,0,7.7375,Mr,0,1,1,1,0
780,1,43.0,0,1,211.3375,Mrs,0,0,0,0,1
781,1,13.0,0,0,7.2292,Miss,0,1,0,0,0
782,1,17.0,1,0,57.0,Mrs,0,0,0,0,1
783,0,29.0,0,0,30.0,Mr,0,0,1,0,1
784,0,25.14061,1,2,23.45,Mr,0,1,1,0,1
785,0,25.0,0,0,7.05,Mr,0,1,1,0,1
786,0,25.0,0,0,7.25,Mr,0,1,1,0,1
787,1,18.0,0,0,7.4958,Miss,0,1,0,0,1
788,0,8.0,4,1,29.125,Master,0,1,1,1,0
789,1,1.0,1,2,20.575,Master,0,1,1,0,1
790,0,46.0,0,0,79.2,Mr,0,0,1,0,0
791,0,25.14061,0,0,7.75,Mr,0,1,1,1,0
792,0,16.0,0,0,26.0,Mr,1,0,1,0,1
793,0,25.14061,8,2,69.55,Miss,0,1,0,0,1
794,0,38.12347,0,0,30.6958,Mr,0,0,1,0,0
795,0,25.0,0,0,7.8958,Mr,0,1,1,0,1
796,0,39.0,0,0,13.0,Mr,1,0,1,0,1
797,1,49.0,0,0,25.9292,Dr,0,0,0,0,1
798,1,31.0,0,0,8.6833,Mrs,0,1,0,0,1
799,0,30.0,0,0,7.2292,Mr,0,1,1,0,0
800,0,30.0,1,1,24.15,Mrs,0,1,0,0,1
801,0,34.0,0,0,13.0,Mr,1,0,1,0,1
802,1,31.0,1,1,26.25,Mrs,1,0,0,0,1
803,1,11.0,1,2,120.0,Master,0,0,1,0,1
804,1,0.42,0,1,8.5167,Master,0,1,1,0,0
805,1,27.0,0,0,6.975,Mr,0,1,1,0,1
806,0,31.0,0,0,7.775,Mr,0,1,1,0,1
807,0,39.0,0,0,0.0,Mr,0,0,1,0,1
808,0,18.0,0,0,7.775,Miss,0,1,0,0,1
809,0,39.0,0,0,13.0,Mr,1,0,1,0,1
810,1,33.0,1,0,53.1,Mrs,0,0,0,0,1
811,0,26.0,0,0,7.8875,Mr,0,1,1,0,1
812,0,39.0,0,0,24.15,Mr,0,1,1,0,1
813,0,35.0,0,0,10.5,Mr,1,0,1,0,1
814,0,6.0,4,2,31.275,Miss,0,1,0,0,1
815,0,30.5,0,0,8.05,Mr,0,1,1,0,1
816,0,38.12347,0,0,0.0,Mr,0,0,1,0,1
817,0,23.0,0,0,7.925,Miss,0,1,0,0,1
818,0,31.0,1,1,37.0042,Mr,1,0,1,0,0
819,0,43.0,0,0,6.45,Mr,0,1,1,0,1
820,0,10.0,3,2,27.9,Master,0,1,1,0,1
821,1,52.0,1,1,93.5,Mrs,0,0,0,0,1
822,1,27.0,0,0,8.6625,Mr,0,1,1,0,1
823,0,38.0,0,0,0.0,Master,0,0,1,0,1
824,1,27.0,0,1,12.475,Mrs,0,1,0,0,1
825,0,2.0,4,1,39.6875,Master,0,1,1,0,1
826,0,25.14061,0,0,6.95,Mr,0,1,1,1,0
827,0,25.14061,0,0,56.4958,Mr,0,1,1,0,1
828,1,1.0,0,2,37.0042,Master,1,0,1,0,0
829,1,25.14061,0,0,7.75,Mr,0,1,1,1,0
831,1,15.0,1,0,14.4542,Mrs,0,1,0,0,0
832,1,0.83,1,1,18.75,Master,1,0,1,0,1
833,0,25.14061,0,0,7.2292,Mr,0,1,1,0,0
834,0,23.0,0,0,7.8542,Mr,0,1,1,0,1
835,0,18.0,0,0,8.3,Mr,0,1,1,0,1
836,1,39.0,1,1,83.1583,Miss,0,0,0,0,0
837,0,21.0,0,0,8.6625,Mr,0,1,1,0,1
838,0,25.14061,0,0,8.05,Mr,0,1,1,0,1
839,1,32.0,0,0,56.4958,Mr,0,1,1,0,1
840,1,38.12347,0,0,29.7,Mr,0,0,1,0,0
841,0,20.0,0,0,7.925,Mr,0,1,1,0,1
842,0,16.0,0,0,10.5,Mr,1,0,1,0,1
843,1,30.0,0,0,31.0,Miss,0,0,0,0,0
844,0,34.5,0,0,6.4375,Mr,0,1,1,0,0
845,0,17.0,0,0,8.6625,Mr,0,1,1,0,1
846,0,42.0,0,0,7.55,Mr,0,1,1,0,1
847,0,25.14061,8,2,69.55,Mr,0,1,1,0,1
848,0,35.0,0,0,7.8958,Mr,0,1,1,0,0
849,0,28.0,0,1,33.0,Rev,1,0,1,0,1
850,1,38.12347,1,0,89.1042,Mrs,0,0,0,0,0
851,0,4.0,4,2,31.275,Master,0,1,1,0,1
852,0,74.0,0,0,7.775,Mr,0,1,1,0,1
853,0,9.0,1,1,15.2458,Miss,0,1,0,0,0
854,1,16.0,0,1,39.4,Miss,0,0,0,0,1
855,0,44.0,1,0,26.0,Mrs,1,0,0,0,1
856,1,18.0,0,1,9.35,Mrs,0,1,0,0,1
857,1,45.0,1,1,164.8667,Mrs,0,0,0,0,1
858,1,51.0,0,0,26.55,Mr,0,0,1,0,1
859,1,24.0,0,3,19.2583,Mrs,0,1,0,0,0
860,0,25.14061,0,0,7.2292,Mr,0,1,1,0,0
861,0,41.0,2,0,14.1083,Mr,0,1,1,0,1
862,0,21.0,1,0,11.5,Mr,1,0,1,0,1
863,1,48.0,0,0,25.9292,Mrs,0,0,0,0,1
864,0,25.14061,8,2,69.55,Miss,0,1,0,0,1
865,0,24.0,0,0,13.0,Mr,1,0,1,0,1
866,1,42.0,0,0,13.0,Mrs,1,0,0,0,1
867,1,27.0,1,0,13.8583,Miss,1,0,0,0,0
868,0,31.0,0,0,50.4958,Mr,0,0,1,0,1
869,0,25.14061,0,0,9.5,Mr,0,1,1,0,1
870,1,4.0,1,1,11.1333,Master,0,1,1,0,1
871,0,26.0,0,0,7.8958,Mr,0,1,1,0,1
872,1,47.0,1,1,52.5542,Mrs,0,0,0,0,1
873,0,33.0,0,0,5.0,Mr,0,0,1,0,1
874,0,47.0,0,0,9.0,Mr,0,1,1,0,1
875,1,28.0,1,0,24.0,Mrs,1,0,0,0,0
876,1,15.0,0,0,7.225,Miss,0,1,0,0,0
877,0,20.0,0,0,9.8458,Mr,0,1,1,0,1
878,0,19.0,0,0,7.8958,Mr,0,1,1,0,1
879,0,25.14061,0,0,7.8958,Mr,0,1,1,0,1
880,1,56.0,0,1,83.1583,Mrs,0,0,0,0,0
881,1,25.0,0,1,26.0,Mrs,1,0,0,0,1
882,0,33.0,0,0,7.8958,Mr,0,1,1,0,1
883,0,22.0,0,0,10.5167,Miss,0,1,0,0,1
884,0,28.0,0,0,10.5,Mr,1,0,1,0,1
885,0,25.0,0,0,7.05,Mr,0,1,1,0,1
886,0,39.0,0,5,29.125,Mrs,0,1,0,1,0
887,0,27.0,0,0,13.0,Rev,1,0,1,0,1
888,1,19.0,0,0,30.0,Miss,0,0,0,0,1
889,0,25.14061,1,2,23.45,Miss,0,1,0,0,1
890,1,26.0,0,0,30.0,Mr,0,0,1,0,0
891,0,32.0,0,0,7.75,Mr,0,1,1,1,0
